{"cameraMode":{"drawMode":0,"name":"Shaded","section":"Shading Mode"},"sceneLighting":false,"audioPlay":false,"sceneViewState":{"showFog":true,"showMaterialUpdate":true,"showSkybox":true,"showFlares":true,"showImageEffects":true,"showParticleSystems":true},"in2DMode":false,"pivot":{"x":0.6804744601249695,"y":2.624152898788452,"z":-0.39652666449546816},"rotation":{"x":0.025390654802322389,"y":0.09134267270565033,"z":-0.0023295297287404539,"w":0.9954948425292969},"size":3.3000853061676027,"orthographic":false}